date,season,home_team,away_team,home_goals,away_goals
2021-08-13,2021-2022,go ahead eagles,sc heerenveen,0,1
2021-08-14,2021-2022,rkc waalwijk,alkmaar zaanstreek,1,0
2021-08-14,2021-2022,heracles almelo,psv eindhoven,0,2
2021-08-14,2021-2022,fortuna sittard,fc twente,2,1
2021-08-14,2021-2022,afc ajax,nijmegen eendracht combinatie,5,0
2021-08-15,2021-2022,fc utrecht,sparta rotterdam,4,0
2021-08-15,2021-2022,sc cambuur leeuwarden,fc groningen,1,2
2021-08-15,2021-2022,willem ii,feyenoord rotterdam,0,4
2021-08-15,2021-2022,pec zwolle,sbv vitesse,0,1
2021-08-20,2021-2022,nijmegen eendracht combinatie,pec zwolle,2,0
2021-08-21,2021-2022,sc heerenveen,rkc waalwijk,3,2
2021-08-21,2021-2022,psv eindhoven,sc cambuur leeuwarden,4,1
2021-08-21,2021-2022,sparta rotterdam,heracles almelo,1,1
2021-08-21,2021-2022,fc groningen,fc utrecht,0,0
2021-08-22,2021-2022,feyenoord rotterdam,go ahead eagles,2,0
2021-08-22,2021-2022,fc twente,afc ajax,1,1
2021-08-22,2021-2022,sbv vitesse,willem ii,0,3
2021-08-27,2021-2022,fortuna sittard,rkc waalwijk,2,2
2021-08-28,2021-2022,willem ii,pec zwolle,1,0
2021-08-28,2021-2022,psv eindhoven,fc groningen,5,2
2021-08-28,2021-2022,go ahead eagles,sparta rotterdam,2,0
2021-08-28,2021-2022,sc cambuur leeuwarden,fc twente,2,0
2021-08-29,2021-2022,fc utrecht,feyenoord rotterdam,3,1
2021-08-29,2021-2022,heracles almelo,nijmegen eendracht combinatie,0,1
2021-08-29,2021-2022,afc ajax,sbv vitesse,5,0
2021-08-29,2021-2022,sc heerenveen,alkmaar zaanstreek,1,3
2021-09-11,2021-2022,alkmaar zaanstreek,psv eindhoven,0,3
2021-09-11,2021-2022,sc cambuur leeuwarden,go ahead eagles,5,2
2021-09-11,2021-2022,fc twente,fc utrecht,1,0
2021-09-11,2021-2022,pec zwolle,afc ajax,0,2
2021-09-12,2021-2022,sparta rotterdam,fortuna sittard,3,1
2021-09-12,2021-2022,rkc waalwijk,sbv vitesse,1,2
2021-09-12,2021-2022,nijmegen eendracht combinatie,willem ii,0,0
2021-09-12,2021-2022,fc groningen,sc heerenveen,1,1
2021-09-17,2021-2022,sparta rotterdam,nijmegen eendracht combinatie,1,1
2021-09-18,2021-2022,afc ajax,sc cambuur leeuwarden,9,0
2021-09-18,2021-2022,fc utrecht,rkc waalwijk,2,2
2021-09-18,2021-2022,sc heerenveen,fortuna sittard,1,0
2021-09-18,2021-2022,willem ii,fc groningen,2,1
2021-09-19,2021-2022,go ahead eagles,pec zwolle,1,0
2021-09-19,2021-2022,psv eindhoven,feyenoord rotterdam,0,4
2021-09-19,2021-2022,heracles almelo,alkmaar zaanstreek,3,2
2021-09-19,2021-2022,sbv vitesse,fc twente,1,4
2021-09-21,2021-2022,fortuna sittard,afc ajax,0,5
2021-09-21,2021-2022,rkc waalwijk,willem ii,1,2
2021-09-22,2021-2022,nijmegen eendracht combinatie,fc utrecht,0,3
2021-09-22,2021-2022,fc groningen,sbv vitesse,0,1
2021-09-22,2021-2022,feyenoord rotterdam,sc heerenveen,3,1
2021-09-22,2021-2022,pec zwolle,sparta rotterdam,1,1
2021-09-22,2021-2022,go ahead eagles,psv eindhoven,1,2
2021-09-23,2021-2022,sc cambuur leeuwarden,heracles almelo,2,1
2021-09-23,2021-2022,fc twente,alkmaar zaanstreek,3,1
2021-09-25,2021-2022,feyenoord rotterdam,nijmegen eendracht combinatie,5,3
2021-09-25,2021-2022,sbv vitesse,fortuna sittard,1,1
2021-09-25,2021-2022,fc utrecht,pec zwolle,5,1
2021-09-25,2021-2022,willem ii,psv eindhoven,2,1
2021-09-25,2021-2022,afc ajax,fc groningen,3,0
2021-09-26,2021-2022,heracles almelo,rkc waalwijk,1,0
2021-09-26,2021-2022,sc heerenveen,fc twente,2,3
2021-09-26,2021-2022,alkmaar zaanstreek,go ahead eagles,5,0
2021-09-26,2021-2022,sparta rotterdam,sc cambuur leeuwarden,0,4
2021-10-01,2021-2022,fc groningen,fc twente,1,1
2021-10-02,2021-2022,heracles almelo,willem ii,3,2
2021-10-02,2021-2022,fortuna sittard,nijmegen eendracht combinatie,1,3
2021-10-02,2021-2022,rkc waalwijk,go ahead eagles,1,1
2021-10-02,2021-2022,pec zwolle,sc heerenveen,0,1
2021-10-03,2021-2022,sc cambuur leeuwarden,alkmaar zaanstreek,1,3
2021-10-03,2021-2022,afc ajax,fc utrecht,0,1
2021-10-03,2021-2022,sbv vitesse,feyenoord rotterdam,2,1
2021-10-03,2021-2022,psv eindhoven,sparta rotterdam,2,1
2021-10-16,2021-2022,go ahead eagles,heracles almelo,4,2
2021-10-16,2021-2022,fortuna sittard,sc cambuur leeuwarden,1,0
2021-10-16,2021-2022,psv eindhoven,pec zwolle,3,1
2021-10-16,2021-2022,sc heerenveen,afc ajax,0,2
2021-10-16,2021-2022,feyenoord rotterdam,rkc waalwijk,2,2
2021-10-17,2021-2022,fc twente,willem ii,1,1
2021-10-17,2021-2022,sparta rotterdam,fc groningen,1,1
2021-10-17,2021-2022,nijmegen eendracht combinatie,sbv vitesse,0,1
2021-10-17,2021-2022,alkmaar zaanstreek,fc utrecht,5,1
2021-10-22,2021-2022,willem ii,fortuna sittard,1,1
2021-10-23,2021-2022,fc utrecht,sc heerenveen,2,1
2021-10-23,2021-2022,pec zwolle,heracles almelo,1,0
2021-10-23,2021-2022,rkc waalwijk,sparta rotterdam,1,0
2021-10-24,2021-2022,fc groningen,alkmaar zaanstreek,2,0
2021-10-24,2021-2022,sbv vitesse,go ahead eagles,1,2
2021-10-24,2021-2022,afc ajax,psv eindhoven,5,0
2021-10-24,2021-2022,sc cambuur leeuwarden,feyenoord rotterdam,2,3
2021-10-24,2021-2022,fc twente,nijmegen eendracht combinatie,1,2
2021-10-30,2021-2022,psv eindhoven,fc twente,5,2
2021-10-30,2021-2022,heracles almelo,afc ajax,0,0
2021-10-30,2021-2022,sc heerenveen,sbv vitesse,1,2
2021-10-30,2021-2022,alkmaar zaanstreek,pec zwolle,3,2
2021-10-31,2021-2022,rkc waalwijk,sc cambuur leeuwarden,0,1
2021-10-31,2021-2022,fc utrecht,willem ii,5,1
2021-10-31,2021-2022,go ahead eagles,fortuna sittard,4,3
2021-10-31,2021-2022,sparta rotterdam,feyenoord rotterdam,0,1
2021-10-31,2021-2022,nijmegen eendracht combinatie,fc groningen,3,0
2021-11-05,2021-2022,fc twente,heracles almelo,1,0
2021-11-06,2021-2022,pec zwolle,sc cambuur leeuwarden,1,2
2021-11-06,2021-2022,nijmegen eendracht combinatie,sc heerenveen,1,1
2021-11-06,2021-2022,willem ii,sparta rotterdam,0,3
2021-11-07,2021-2022,afc ajax,go ahead eagles,0,0
2021-11-07,2021-2022,feyenoord rotterdam,alkmaar zaanstreek,1,0
2021-11-07,2021-2022,sbv vitesse,fc utrecht,2,1
2021-11-07,2021-2022,fc groningen,rkc waalwijk,1,1
2021-11-07,2021-2022,fortuna sittard,psv eindhoven,1,4
2021-11-20,2021-2022,psv eindhoven,sbv vitesse,2,0
2021-11-20,2021-2022,sparta rotterdam,fc twente,0,1
2021-11-20,2021-2022,alkmaar zaanstreek,nijmegen eendracht combinatie,1,1
2021-11-20,2021-2022,heracles almelo,fortuna sittard,3,1
2021-11-21,2021-2022,go ahead eagles,fc groningen,0,1
2021-11-21,2021-2022,sc cambuur leeuwarden,fc utrecht,2,1
2021-11-21,2021-2022,rkc waalwijk,afc ajax,0,5
2021-11-21,2021-2022,feyenoord rotterdam,pec zwolle,4,0
2021-11-21,2021-2022,sc heerenveen,willem ii,2,1
2021-11-26,2021-2022,nijmegen eendracht combinatie,sc cambuur leeuwarden,2,3
2021-11-27,2021-2022,fortuna sittard,fc groningen,1,4
2021-11-27,2021-2022,pec zwolle,rkc waalwijk,0,0
2021-11-27,2021-2022,willem ii,go ahead eagles,0,1
2021-11-28,2021-2022,sbv vitesse,alkmaar zaanstreek,0,0
2021-11-28,2021-2022,sparta rotterdam,afc ajax,0,1
2021-11-28,2021-2022,fc twente,feyenoord rotterdam,0,0
2021-11-28,2021-2022,fc utrecht,heracles almelo,1,0
2021-11-28,2021-2022,sc heerenveen,psv eindhoven,1,1
2021-12-01,2021-2022,feyenoord rotterdam,heracles almelo,2,1
2021-12-02,2021-2022,alkmaar zaanstreek,fortuna sittard,2,1
2021-12-02,2021-2022,afc ajax,willem ii,5,0
2021-12-03,2021-2022,fc groningen,pec zwolle,1,1
2021-12-04,2021-2022,psv eindhoven,fc utrecht,4,1
2021-12-04,2021-2022,sc cambuur leeuwarden,sbv vitesse,1,6
2021-12-04,2021-2022,heracles almelo,sc heerenveen,0,1
2021-12-05,2021-2022,go ahead eagles,fc twente,1,2
2021-12-05,2021-2022,feyenoord rotterdam,fortuna sittard,5,0
2021-12-05,2021-2022,rkc waalwijk,nijmegen eendracht combinatie,2,1
2021-12-05,2021-2022,alkmaar zaanstreek,sparta rotterdam,3,1
2021-12-10,2021-2022,willem ii,sc cambuur leeuwarden,1,3
2021-12-11,2021-2022,pec zwolle,fortuna sittard,0,1
2021-12-11,2021-2022,sc heerenveen,sparta rotterdam,0,0
2021-12-11,2021-2022,fc utrecht,go ahead eagles,0,0
2021-12-12,2021-2022,nijmegen eendracht combinatie,psv eindhoven,1,2
2021-12-12,2021-2022,fc groningen,feyenoord rotterdam,1,1
2021-12-12,2021-2022,afc ajax,alkmaar zaanstreek,1,2
2021-12-12,2021-2022,fc twente,rkc waalwijk,2,1
2021-12-12,2021-2022,sbv vitesse,heracles almelo,2,1
2021-12-18,2021-2022,fortuna sittard,fc utrecht,2,2
2021-12-18,2021-2022,sparta rotterdam,sbv vitesse,2,2
2021-12-18,2021-2022,heracles almelo,fc groningen,4,2
2021-12-18,2021-2022,alkmaar zaanstreek,willem ii,4,1
2021-12-18,2021-2022,pec zwolle,fc twente,1,3
2021-12-19,2021-2022,sc cambuur leeuwarden,sc heerenveen,1,2
2021-12-19,2021-2022,rkc waalwijk,psv eindhoven,1,4
2021-12-19,2021-2022,go ahead eagles,nijmegen eendracht combinatie,0,2
2021-12-19,2021-2022,feyenoord rotterdam,afc ajax,0,2
2021-12-21,2021-2022,alkmaar zaanstreek,fc groningen,1,0
2021-12-21,2021-2022,sbv vitesse,pec zwolle,1,0
2021-12-22,2021-2022,sc heerenveen,feyenoord rotterdam,0,3
2021-12-22,2021-2022,willem ii,nijmegen eendracht combinatie,0,1
2021-12-22,2021-2022,heracles almelo,sc cambuur leeuwarden,1,1
2021-12-22,2021-2022,afc ajax,fortuna sittard,5,0
2021-12-22,2021-2022,fc utrecht,fc twente,1,1
2021-12-23,2021-2022,psv eindhoven,go ahead eagles,2,0
2021-12-23,2021-2022,sparta rotterdam,rkc waalwijk,1,1
2022-01-14,2021-2022,pec zwolle,willem ii,2,0
2022-01-15,2021-2022,feyenoord rotterdam,sbv vitesse,0,1
2022-01-15,2021-2022,nijmegen eendracht combinatie,heracles almelo,0,0
2022-01-15,2021-2022,go ahead eagles,rkc waalwijk,0,2
2022-01-15,2021-2022,fc twente,sc heerenveen,2,0
2022-01-16,2021-2022,fc utrecht,afc ajax,0,3
2022-01-16,2021-2022,fc groningen,psv eindhoven,0,1
2022-01-16,2021-2022,sc cambuur leeuwarden,sparta rotterdam,1,1
2022-01-16,2021-2022,fortuna sittard,alkmaar zaanstreek,1,2
2022-01-22,2021-2022,willem ii,fc twente,0,1
2022-01-22,2021-2022,sc heerenveen,pec zwolle,0,1
2022-01-22,2021-2022,alkmaar zaanstreek,sc cambuur leeuwarden,0,0
2022-01-22,2021-2022,sbv vitesse,fc groningen,1,3
2022-01-23,2021-2022,psv eindhoven,afc ajax,1,2
2022-01-23,2021-2022,rkc waalwijk,fortuna sittard,2,1
2022-01-23,2021-2022,sparta rotterdam,fc utrecht,0,3
2022-01-23,2021-2022,nijmegen eendracht combinatie,feyenoord rotterdam,1,4
2022-01-23,2021-2022,heracles almelo,go ahead eagles,1,1
2022-02-05,2021-2022,pec zwolle,nijmegen eendracht combinatie,1,1
2022-02-05,2021-2022,psv eindhoven,alkmaar zaanstreek,1,2
2022-02-05,2021-2022,fortuna sittard,sc heerenveen,2,0
2022-02-05,2021-2022,fc utrecht,sc cambuur leeuwarden,3,2
2022-02-05,2021-2022,fc twente,sbv vitesse,3,0
2022-02-06,2021-2022,fc groningen,go ahead eagles,2,1
2022-02-06,2021-2022,willem ii,rkc waalwijk,3,1
2022-02-06,2021-2022,feyenoord rotterdam,sparta rotterdam,4,0
2022-02-06,2021-2022,afc ajax,heracles almelo,3,0
2022-02-11,2021-2022,heracles almelo,fc utrecht,1,0
2022-02-12,2021-2022,sc cambuur leeuwarden,pec zwolle,3,4
2022-02-12,2021-2022,fc groningen,fortuna sittard,0,1
2022-02-12,2021-2022,sbv vitesse,psv eindhoven,0,5
2022-02-13,2021-2022,go ahead eagles,alkmaar zaanstreek,1,4
2022-02-13,2021-2022,sparta rotterdam,willem ii,1,0
2022-02-13,2021-2022,rkc waalwijk,feyenoord rotterdam,0,2
2022-02-13,2021-2022,sc heerenveen,nijmegen eendracht combinatie,0,1
2022-02-13,2021-2022,afc ajax,fc twente,5,0
2022-02-19,2021-2022,nijmegen eendracht combinatie,rkc waalwijk,1,1
2022-02-19,2021-2022,willem ii,afc ajax,0,1
2022-02-19,2021-2022,alkmaar zaanstreek,heracles almelo,2,1
2022-02-20,2021-2022,fc twente,go ahead eagles,2,2
2022-02-20,2021-2022,fc utrecht,sbv vitesse,1,1
2022-02-20,2021-2022,psv eindhoven,sc heerenveen,3,1
2022-02-20,2021-2022,pec zwolle,fc groningen,1,1
2022-02-20,2021-2022,feyenoord rotterdam,sc cambuur leeuwarden,3,1
2022-02-25,2021-2022,rkc waalwijk,fc twente,1,2
2022-02-26,2021-2022,fc groningen,willem ii,1,0
2022-02-26,2021-2022,sc cambuur leeuwarden,fortuna sittard,2,1
2022-02-26,2021-2022,heracles almelo,pec zwolle,2,0
2022-02-27,2021-2022,go ahead eagles,afc ajax,2,1
2022-02-27,2021-2022,sparta rotterdam,psv eindhoven,1,2
2022-02-27,2021-2022,sc heerenveen,fc utrecht,1,2
2022-02-27,2021-2022,sbv vitesse,nijmegen eendracht combinatie,4,1
2022-02-27,2021-2022,alkmaar zaanstreek,feyenoord rotterdam,2,1
2022-03-05,2021-2022,willem ii,sc heerenveen,0,0
2022-03-05,2021-2022,go ahead eagles,fc utrecht,1,1
2022-03-05,2021-2022,feyenoord rotterdam,fc groningen,1,1
2022-03-06,2021-2022,psv eindhoven,heracles almelo,3,1
2022-03-06,2021-2022,fc twente,sc cambuur leeuwarden,1,0
2022-03-06,2021-2022,afc ajax,rkc waalwijk,3,2
2022-03-06,2021-2022,nijmegen eendracht combinatie,alkmaar zaanstreek,1,3
2022-03-06,2021-2022,fortuna sittard,pec zwolle,0,1
2022-03-11,2021-2022,sc cambuur leeuwarden,afc ajax,2,3
2022-03-12,2021-2022,sparta rotterdam,go ahead eagles,1,0
2022-03-12,2021-2022,rkc waalwijk,sc heerenveen,0,0
2022-03-12,2021-2022,fc groningen,nijmegen eendracht combinatie,4,3
2022-03-13,2021-2022,heracles almelo,sbv vitesse,0,0
2022-03-13,2021-2022,fortuna sittard,willem ii,1,0
2022-03-13,2021-2022,fc utrecht,psv eindhoven,0,1
2022-03-13,2021-2022,pec zwolle,feyenoord rotterdam,1,2
2022-03-13,2021-2022,alkmaar zaanstreek,fc twente,0,1
2022-03-18,2021-2022,sc heerenveen,heracles almelo,2,0
2022-03-19,2021-2022,fc twente,pec zwolle,1,0
2022-03-19,2021-2022,go ahead eagles,sc cambuur leeuwarden,3,0
2022-03-19,2021-2022,nijmegen eendracht combinatie,sparta rotterdam,0,0
2022-03-20,2021-2022,afc ajax,feyenoord rotterdam,3,2
2022-03-20,2021-2022,fc utrecht,fc groningen,1,3
2022-03-20,2021-2022,willem ii,alkmaar zaanstreek,2,2
2022-03-20,2021-2022,psv eindhoven,fortuna sittard,5,0
2022-03-20,2021-2022,sbv vitesse,rkc waalwijk,1,2
2022-04-02,2021-2022,feyenoord rotterdam,willem ii,2,0
2022-04-02,2021-2022,rkc waalwijk,fc utrecht,1,1
2022-04-02,2021-2022,fc groningen,afc ajax,1,3
2022-04-02,2021-2022,fc twente,psv eindhoven,3,3
2022-04-02,2021-2022,alkmaar zaanstreek,sbv vitesse,3,1
2022-04-03,2021-2022,sc cambuur leeuwarden,nijmegen eendracht combinatie,1,2
2022-04-03,2021-2022,fortuna sittard,heracles almelo,0,2
2022-04-03,2021-2022,pec zwolle,go ahead eagles,0,1
2022-04-03,2021-2022,sparta rotterdam,sc heerenveen,1,1
2022-04-08,2021-2022,go ahead eagles,willem ii,4,0
2022-04-09,2021-2022,fc utrecht,fortuna sittard,1,1
2022-04-09,2021-2022,afc ajax,sparta rotterdam,2,1
2022-04-09,2021-2022,nijmegen eendracht combinatie,fc twente,0,2
2022-04-10,2021-2022,sc heerenveen,fc groningen,3,1
2022-04-10,2021-2022,psv eindhoven,rkc waalwijk,2,0
2022-04-10,2021-2022,sbv vitesse,sc cambuur leeuwarden,1,0
2022-04-10,2021-2022,heracles almelo,feyenoord rotterdam,1,4
2022-04-10,2021-2022,pec zwolle,alkmaar zaanstreek,2,1
2022-04-16,2021-2022,fortuna sittard,sparta rotterdam,3,0
2022-04-19,2021-2022,sbv vitesse,sparta rotterdam,0,1
2022-04-22,2021-2022,fc twente,sparta rotterdam,2,0
2022-04-23,2021-2022,nijmegen eendracht combinatie,afc ajax,0,1
2022-04-23,2021-2022,alkmaar zaanstreek,sc heerenveen,2,1
2022-04-23,2021-2022,rkc waalwijk,pec zwolle,0,2
2022-04-23,2021-2022,sc cambuur leeuwarden,psv eindhoven,1,2
2022-04-24,2021-2022,feyenoord rotterdam,fc utrecht,2,1
2022-04-24,2021-2022,willem ii,sbv vitesse,1,0
2022-04-24,2021-2022,fc groningen,heracles almelo,0,1
2022-04-24,2021-2022,fortuna sittard,go ahead eagles,1,0
2022-04-29,2021-2022,fc utrecht,nijmegen eendracht combinatie,1,0
2022-04-30,2021-2022,afc ajax,pec zwolle,3,0
2022-04-30,2021-2022,heracles almelo,fc twente,1,1
2022-04-30,2021-2022,sparta rotterdam,alkmaar zaanstreek,1,1
2022-05-01,2021-2022,rkc waalwijk,fc groningen,3,1
2022-05-01,2021-2022,sc heerenveen,sc cambuur leeuwarden,3,3
2022-05-01,2021-2022,psv eindhoven,willem ii,4,2
2022-05-01,2021-2022,go ahead eagles,sbv vitesse,1,2
2022-05-01,2021-2022,fortuna sittard,feyenoord rotterdam,1,3
2022-05-06,2021-2022,sc cambuur leeuwarden,rkc waalwijk,1,1
2022-05-07,2021-2022,fc twente,fortuna sittard,1,2
2022-05-07,2021-2022,pec zwolle,fc utrecht,1,1
2022-05-07,2021-2022,willem ii,heracles almelo,2,0
2022-05-07,2021-2022,fc groningen,sparta rotterdam,1,2
2022-05-08,2021-2022,nijmegen eendracht combinatie,go ahead eagles,1,0
2022-05-08,2021-2022,sbv vitesse,sc heerenveen,1,2
2022-05-08,2021-2022,alkmaar zaanstreek,afc ajax,2,2
2022-05-08,2021-2022,feyenoord rotterdam,psv eindhoven,2,2
2022-05-11,2021-2022,afc ajax,sc heerenveen,5,0
2022-05-11,2021-2022,fc twente,fc groningen,3,0
2022-05-11,2021-2022,sparta rotterdam,pec zwolle,2,0
2022-05-11,2021-2022,go ahead eagles,feyenoord rotterdam,0,1
2022-05-11,2021-2022,sc cambuur leeuwarden,willem ii,1,1
2022-05-11,2021-2022,rkc waalwijk,heracles almelo,2,0
2022-05-11,2021-2022,fortuna sittard,sbv vitesse,1,2
2022-05-11,2021-2022,psv eindhoven,nijmegen eendracht combinatie,3,2
2022-05-11,2021-2022,fc utrecht,alkmaar zaanstreek,2,2
2022-05-15,2021-2022,willem ii,fc utrecht,3,0
2022-05-15,2021-2022,feyenoord rotterdam,fc twente,1,2
2022-05-15,2021-2022,fc groningen,sc cambuur leeuwarden,2,3
2022-05-15,2021-2022,heracles almelo,sparta rotterdam,1,3
2022-05-15,2021-2022,sc heerenveen,go ahead eagles,3,1
2022-05-15,2021-2022,alkmaar zaanstreek,rkc waalwijk,1,3
2022-05-15,2021-2022,pec zwolle,psv eindhoven,1,2
2022-05-15,2021-2022,sbv vitesse,afc ajax,2,2
2022-05-15,2021-2022,nijmegen eendracht combinatie,fortuna sittard,0,1
2022-05-19,2021-2022,sc heerenveen,alkmaar zaanstreek,3,2
2022-05-19,2021-2022,fc utrecht,sbv vitesse,3,1
2022-05-22,2021-2022,alkmaar zaanstreek,sc heerenveen,2,0
2022-05-22,2021-2022,sbv vitesse,fc utrecht,3,0
2022-05-26,2021-2022,sbv vitesse,alkmaar zaanstreek,2,1
2022-05-29,2021-2022,alkmaar zaanstreek,sbv vitesse,6,1
2022-08-05,2022-2023,sc heerenveen,sparta rotterdam,0,0
2022-08-06,2022-2023,fortuna sittard,afc ajax,2,3
2022-08-06,2022-2023,sc cambuur leeuwarden,sbv excelsior,0,2
2022-08-06,2022-2023,psv eindhoven,fc emmen,4,1
2022-08-06,2022-2023,rkc waalwijk,fc utrecht,2,2
2022-08-07,2022-2023,alkmaar zaanstreek,go ahead eagles,2,0
2022-08-07,2022-2023,sbv vitesse,feyenoord rotterdam,2,5
2022-08-07,2022-2023,fc groningen,fc volendam,2,2
2022-08-07,2022-2023,nijmegen eendracht combinatie,fc twente,0,1
2022-08-12,2022-2023,sbv excelsior,sbv vitesse,3,1
2022-08-13,2022-2023,go ahead eagles,psv eindhoven,2,5
2022-08-13,2022-2023,fc emmen,rkc waalwijk,1,1
2022-08-13,2022-2023,fc utrecht,sc cambuur leeuwarden,0,0
2022-08-13,2022-2023,feyenoord rotterdam,sc heerenveen,0,0
2022-08-14,2022-2023,afc ajax,fc groningen,6,1
2022-08-14,2022-2023,sparta rotterdam,alkmaar zaanstreek,2,3
2022-08-14,2022-2023,fc twente,fortuna sittard,3,0
2022-08-14,2022-2023,fc volendam,nijmegen eendracht combinatie,1,4
2022-08-20,2022-2023,fc emmen,fc utrecht,3,2
2022-08-20,2022-2023,sbv vitesse,sc heerenveen,0,4
2022-08-20,2022-2023,fortuna sittard,sc cambuur leeuwarden,1,4
2022-08-21,2022-2023,fc groningen,go ahead eagles,1,0
2022-08-21,2022-2023,sparta rotterdam,afc ajax,0,1
2022-08-21,2022-2023,rkc waalwijk,feyenoord rotterdam,0,1
2022-08-26,2022-2023,nijmegen eendracht combinatie,fc groningen,1,1
2022-08-27,2022-2023,sbv vitesse,rkc waalwijk,2,2
2022-08-27,2022-2023,go ahead eagles,sparta rotterdam,0,1
2022-08-27,2022-2023,feyenoord rotterdam,fc emmen,4,0
2022-08-27,2022-2023,sc heerenveen,fortuna sittard,2,1
2022-08-28,2022-2023,sc cambuur leeuwarden,alkmaar zaanstreek,0,1
2022-08-28,2022-2023,fc volendam,fc twente,1,0
2022-08-28,2022-2023,sbv excelsior,psv eindhoven,1,6
2022-08-28,2022-2023,fc utrecht,afc ajax,0,2
2022-08-31,2022-2023,fc twente,sbv excelsior,4,0
2022-08-31,2022-2023,psv eindhoven,fc volendam,7,1
2022-09-01,2022-2023,alkmaar zaanstreek,nijmegen eendracht combinatie,1,1
2022-09-02,2022-2023,fortuna sittard,fc utrecht,3,4
2022-09-03,2022-2023,afc ajax,sc cambuur leeuwarden,4,0
2022-09-03,2022-2023,fc twente,psv eindhoven,2,1
2022-09-03,2022-2023,sparta rotterdam,fc volendam,4,0
2022-09-03,2022-2023,go ahead eagles,feyenoord rotterdam,3,4
2022-09-04,2022-2023,fc groningen,sbv vitesse,0,1
2022-09-04,2022-2023,sc heerenveen,nijmegen eendracht combinatie,0,0
2022-09-04,2022-2023,rkc waalwijk,sbv excelsior,5,2
2022-09-04,2022-2023,fc emmen,alkmaar zaanstreek,0,3
2022-09-09,2022-2023,fc volendam,go ahead eagles,2,3
2022-09-10,2022-2023,sbv excelsior,fc emmen,2,1
2022-09-10,2022-2023,nijmegen eendracht combinatie,fortuna sittard,1,1
2022-09-10,2022-2023,afc ajax,sc heerenveen,5,0
2022-09-11,2022-2023,fc utrecht,sbv vitesse,1,0
2022-09-11,2022-2023,sc cambuur leeuwarden,fc groningen,0,1
2022-09-11,2022-2023,psv eindhoven,rkc waalwijk,1,0
2022-09-11,2022-2023,alkmaar zaanstreek,fc twente,1,1
2022-09-11,2022-2023,feyenoord rotterdam,sparta rotterdam,3,0
2022-09-16,2022-2023,fc utrecht,nijmegen eendracht combinatie,0,0
2022-09-17,2022-2023,sparta rotterdam,fc groningen,2,1
2022-09-17,2022-2023,sbv vitesse,fc volendam,1,1
2022-09-17,2022-2023,rkc waalwijk,sc cambuur leeuwarden,5,1
2022-09-17,2022-2023,fortuna sittard,sbv excelsior,1,0
2022-09-18,2022-2023,go ahead eagles,fc emmen,2,0
2022-09-18,2022-2023,psv eindhoven,feyenoord rotterdam,4,3
2022-09-18,2022-2023,sc heerenveen,fc twente,2,1
2022-09-18,2022-2023,alkmaar zaanstreek,afc ajax,2,1
2022-10-01,2022-2023,fc twente,sbv vitesse,3,0
2022-10-01,2022-2023,sc cambuur leeuwarden,psv eindhoven,3,0
2022-10-01,2022-2023,fc groningen,alkmaar zaanstreek,1,4
2022-10-01,2022-2023,afc ajax,go ahead eagles,1,1
2022-10-02,2022-2023,fc emmen,sc heerenveen,0,0
2022-10-02,2022-2023,rkc waalwijk,sparta rotterdam,2,2
2022-10-02,2022-2023,fortuna sittard,fc volendam,2,0
2022-10-02,2022-2023,nijmegen eendracht combinatie,feyenoord rotterdam,1,1
2022-10-02,2022-2023,sbv excelsior,fc utrecht,0,1
2022-10-07,2022-2023,fc groningen,rkc waalwijk,2,3
2022-10-08,2022-2023,fc volendam,afc ajax,2,4
2022-10-08,2022-2023,nijmegen eendracht combinatie,sbv excelsior,1,1
2022-10-08,2022-2023,sparta rotterdam,fc emmen,3,1
2022-10-09,2022-2023,sc heerenveen,psv eindhoven,0,1
2022-10-09,2022-2023,feyenoord rotterdam,fc twente,2,0
2022-10-09,2022-2023,sbv vitesse,fortuna sittard,1,2
2022-10-09,2022-2023,go ahead eagles,sc cambuur leeuwarden,0,0
2022-10-09,2022-2023,fc utrecht,alkmaar zaanstreek,1,2
2022-10-14,2022-2023,fc emmen,fc volendam,1,1
2022-10-15,2022-2023,go ahead eagles,sc heerenveen,1,1
2022-10-15,2022-2023,fortuna sittard,rkc waalwijk,0,0
2022-10-15,2022-2023,sc cambuur leeuwarden,sbv vitesse,0,3
2022-10-16,2022-2023,fc twente,fc groningen,3,0
2022-10-16,2022-2023,sparta rotterdam,nijmegen eendracht combinatie,2,0
2022-10-16,2022-2023,alkmaar zaanstreek,feyenoord rotterdam,1,3
2022-10-16,2022-2023,psv eindhoven,fc utrecht,6,1
2022-10-16,2022-2023,afc ajax,sbv excelsior,7,1
2022-10-22,2022-2023,feyenoord rotterdam,fortuna sittard,1,1
2022-10-22,2022-2023,rkc waalwijk,afc ajax,1,4
2022-10-22,2022-2023,sbv vitesse,fc emmen,2,1
2022-10-23,2022-2023,fc utrecht,sparta rotterdam,3,1
2022-10-23,2022-2023,fc volendam,sc heerenveen,1,3
2022-10-23,2022-2023,nijmegen eendracht combinatie,go ahead eagles,3,3
2022-10-23,2022-2023,sbv excelsior,alkmaar zaanstreek,2,1
2022-10-23,2022-2023,fc groningen,psv eindhoven,4,2
2022-10-23,2022-2023,sc cambuur leeuwarden,fc twente,0,1
2022-10-29,2022-2023,sc heerenveen,fc utrecht,1,2
2022-10-29,2022-2023,sparta rotterdam,fortuna sittard,3,1
2022-10-29,2022-2023,go ahead eagles,sbv excelsior,3,1
2022-10-30,2022-2023,alkmaar zaanstreek,fc volendam,2,1
2022-10-30,2022-2023,fc twente,rkc waalwijk,3,0
2022-10-30,2022-2023,fc emmen,fc groningen,0,0
2022-10-30,2022-2023,psv eindhoven,nijmegen eendracht combinatie,3,0
2022-11-04,2022-2023,sc cambuur leeuwarden,nijmegen eendracht combinatie,0,1
2022-11-05,2022-2023,sbv vitesse,sparta rotterdam,0,4
2022-11-05,2022-2023,fortuna sittard,fc emmen,0,1
2022-11-05,2022-2023,sbv excelsior,sc heerenveen,0,1
2022-11-06,2022-2023,rkc waalwijk,alkmaar zaanstreek,3,1
2022-11-06,2022-2023,fc volendam,feyenoord rotterdam,0,2
2022-11-06,2022-2023,fc utrecht,fc groningen,2,1
2022-11-06,2022-2023,afc ajax,psv eindhoven,1,2
2022-11-06,2022-2023,fc twente,go ahead eagles,1,1
2022-11-09,2022-2023,afc ajax,sbv vitesse,2,2
2022-11-10,2022-2023,feyenoord rotterdam,sc cambuur leeuwarden,1,0
2022-11-11,2022-2023,sparta rotterdam,fc twente,1,1
2022-11-12,2022-2023,fc volendam,fc utrecht,0,4
2022-11-12,2022-2023,fc emmen,afc ajax,3,3
2022-11-12,2022-2023,psv eindhoven,alkmaar zaanstreek,0,1
2022-11-13,2022-2023,nijmegen eendracht combinatie,rkc waalwijk,6,1
2022-11-13,2022-2023,fc groningen,fortuna sittard,2,3
2022-11-13,2022-2023,sc heerenveen,sc cambuur leeuwarden,2,1
2022-11-13,2022-2023,feyenoord rotterdam,sbv excelsior,5,1
2022-11-13,2022-2023,go ahead eagles,sbv vitesse,2,2
2023-01-06,2022-2023,fc twente,fc emmen,2,0
2023-01-07,2022-2023,rkc waalwijk,sc heerenveen,0,0
2023-01-07,2022-2023,alkmaar zaanstreek,sbv vitesse,1,1
2023-01-07,2022-2023,psv eindhoven,sparta rotterdam,0,0
2023-01-07,2022-2023,fortuna sittard,go ahead eagles,0,2
2023-01-08,2022-2023,fc utrecht,feyenoord rotterdam,1,1
2023-01-08,2022-2023,sc cambuur leeuwarden,fc volendam,0,3
2023-01-08,2022-2023,nijmegen eendracht combinatie,afc ajax,1,1
2023-01-08,2022-2023,sbv excelsior,fc groningen,1,0
2023-01-14,2022-2023,sparta rotterdam,sbv excelsior,1,0
2023-01-14,2022-2023,fc volendam,rkc waalwijk,2,1
2023-01-14,2022-2023,sc heerenveen,alkmaar zaanstreek,0,2
2023-01-14,2022-2023,afc ajax,fc twente,0,0
2023-01-15,2022-2023,fc emmen,sc cambuur leeuwarden,0,0
2023-01-15,2022-2023,go ahead eagles,fc utrecht,2,2
2023-01-15,2022-2023,fc groningen,feyenoord rotterdam,0,3
2023-01-15,2022-2023,fortuna sittard,psv eindhoven,2,2
2023-01-15,2022-2023,sbv vitesse,nijmegen eendracht combinatie,0,0
2023-01-20,2022-2023,sbv excelsior,fc volendam,2,0
2023-01-21,2022-2023,psv eindhoven,sbv vitesse,1,0
2023-01-21,2022-2023,sc cambuur leeuwarden,sparta rotterdam,0,3
2023-01-21,2022-2023,nijmegen eendracht combinatie,fc emmen,3,1
2023-01-22,2022-2023,feyenoord rotterdam,afc ajax,1,1
2023-01-22,2022-2023,fc twente,fc utrecht,2,0
2023-01-22,2022-2023,sc heerenveen,fc groningen,3,1
2023-01-22,2022-2023,alkmaar zaanstreek,fortuna sittard,3,1
2023-01-24,2022-2023,sparta rotterdam,rkc waalwijk,0,0
2023-01-24,2022-2023,fc emmen,psv eindhoven,1,0
2023-01-25,2022-2023,fc utrecht,sbv excelsior,1,0
2023-01-25,2022-2023,feyenoord rotterdam,nijmegen eendracht combinatie,2,0
2023-01-25,2022-2023,sbv vitesse,fc twente,2,2
2023-01-25,2022-2023,go ahead eagles,alkmaar zaanstreek,1,4
2023-01-25,2022-2023,fortuna sittard,sc heerenveen,2,0
2023-01-26,2022-2023,fc groningen,sc cambuur leeuwarden,0,1
2023-01-26,2022-2023,afc ajax,fc volendam,1,1
2023-01-28,2022-2023,alkmaar zaanstreek,fc utrecht,5,5
2023-01-28,2022-2023,sc heerenveen,sbv vitesse,1,3
2023-01-28,2022-2023,psv eindhoven,go ahead eagles,2,0
2023-01-28,2022-2023,rkc waalwijk,fc emmen,2,0
2023-01-28,2022-2023,nijmegen eendracht combinatie,sparta rotterdam,1,1
2023-01-29,2022-2023,fc twente,feyenoord rotterdam,1,1
2023-01-29,2022-2023,sc cambuur leeuwarden,fortuna sittard,1,2
2023-01-29,2022-2023,sbv excelsior,afc ajax,1,4
2023-01-29,2022-2023,fc volendam,fc groningen,3,2
2023-02-01,2022-2023,rkc waalwijk,go ahead eagles,3,1
2023-02-03,2022-2023,fortuna sittard,sparta rotterdam,0,0
2023-02-04,2022-2023,fc volendam,alkmaar zaanstreek,1,1
2023-02-04,2022-2023,fc utrecht,sc heerenveen,1,0
2023-02-04,2022-2023,fc emmen,sbv vitesse,2,2
2023-02-04,2022-2023,sbv excelsior,rkc waalwijk,0,0
2023-02-05,2022-2023,sc cambuur leeuwarden,afc ajax,0,5
2023-02-05,2022-2023,go ahead eagles,nijmegen eendracht combinatie,1,0
2023-02-05,2022-2023,feyenoord rotterdam,psv eindhoven,2,2
2023-02-05,2022-2023,fc groningen,fc twente,1,1
2023-02-10,2022-2023,alkmaar zaanstreek,sbv excelsior,5,0
2023-02-11,2022-2023,fc emmen,fortuna sittard,0,1
2023-02-11,2022-2023,nijmegen eendracht combinatie,sc cambuur leeuwarden,0,0
2023-02-11,2022-2023,psv eindhoven,fc groningen,6,0
2023-02-12,2022-2023,sparta rotterdam,go ahead eagles,2,1
2023-02-12,2022-2023,sbv vitesse,fc utrecht,2,0
2023-02-12,2022-2023,sc heerenveen,feyenoord rotterdam,1,2
2023-02-12,2022-2023,fc twente,fc volendam,3,0
2023-02-12,2022-2023,afc ajax,rkc waalwijk,3,1
2023-02-17,2022-2023,rkc waalwijk,fortuna sittard,3,1
2023-02-18,2022-2023,feyenoord rotterdam,alkmaar zaanstreek,2,1
2023-02-18,2022-2023,fc groningen,fc emmen,1,1
2023-02-18,2022-2023,fc volendam,sbv vitesse,2,0
2023-02-19,2022-2023,sbv excelsior,nijmegen eendracht combinatie,0,3
2023-02-19,2022-2023,afc ajax,sparta rotterdam,4,0
2023-02-19,2022-2023,go ahead eagles,fc twente,2,0
2023-02-19,2022-2023,fc utrecht,psv eindhoven,2,2
2023-02-19,2022-2023,sc cambuur leeuwarden,sc heerenveen,1,2
2023-02-24,2022-2023,sparta rotterdam,fc utrecht,0,3
2023-02-25,2022-2023,nijmegen eendracht combinatie,fc volendam,3,0
2023-02-25,2022-2023,alkmaar zaanstreek,sc cambuur leeuwarden,2,1
2023-02-25,2022-2023,sc heerenveen,rkc waalwijk,1,4
2023-02-25,2022-2023,fc groningen,sbv excelsior,3,0
2023-02-26,2022-2023,fortuna sittard,feyenoord rotterdam,2,4
2023-02-26,2022-2023,sbv vitesse,afc ajax,1,2
2023-02-26,2022-2023,fc emmen,go ahead eagles,2,2
2023-02-26,2022-2023,psv eindhoven,fc twente,3,1
2023-03-03,2022-2023,sbv vitesse,alkmaar zaanstreek,0,1
2023-03-03,2022-2023,fc utrecht,fortuna sittard,1,2
2023-03-04,2022-2023,feyenoord rotterdam,fc groningen,1,0
2023-03-04,2022-2023,fc twente,sc heerenveen,3,3
2023-03-04,2022-2023,fc volendam,fc emmen,3,1
2023-03-05,2022-2023,sbv excelsior,sparta rotterdam,1,4
2023-03-05,2022-2023,rkc waalwijk,psv eindhoven,0,1
2023-03-05,2022-2023,afc ajax,nijmegen eendracht combinatie,1,0
2023-03-05,2022-2023,sc cambuur leeuwarden,go ahead eagles,4,1
2023-03-11,2022-2023,alkmaar zaanstreek,fc groningen,1,0
2023-03-11,2022-2023,sparta rotterdam,sbv vitesse,3,1
2023-03-11,2022-2023,fc emmen,sbv excelsior,2,0
2023-03-11,2022-2023,fortuna sittard,fc twente,0,3
2023-03-12,2022-2023,sc heerenveen,afc ajax,2,4
2023-03-12,2022-2023,nijmegen eendracht combinatie,fc utrecht,2,2
2023-03-12,2022-2023,feyenoord rotterdam,fc volendam,2,1
2023-03-12,2022-2023,psv eindhoven,sc cambuur leeuwarden,5,2
2023-03-17,2022-2023,fc volendam,fortuna sittard,2,1
2023-03-18,2022-2023,fc emmen,sparta rotterdam,0,2
2023-03-18,2022-2023,fc utrecht,go ahead eagles,1,2
2023-03-18,2022-2023,rkc waalwijk,nijmegen eendracht combinatie,1,3
2023-03-19,2022-2023,sbv vitesse,psv eindhoven,1,1
2023-03-19,2022-2023,fc twente,alkmaar zaanstreek,2,1
2023-03-19,2022-2023,afc ajax,feyenoord rotterdam,2,3
2023-03-19,2022-2023,sbv excelsior,sc cambuur leeuwarden,4,1
2023-03-19,2022-2023,fc groningen,sc heerenveen,0,2
2023-04-01,2022-2023,sc cambuur leeuwarden,fc emmen,1,2
2023-04-01,2022-2023,rkc waalwijk,sbv vitesse,1,0
2023-04-01,2022-2023,nijmegen eendracht combinatie,psv eindhoven,2,4
2023-04-01,2022-2023,sbv excelsior,fc twente,0,0
2023-04-01,2022-2023,alkmaar zaanstreek,sc heerenveen,1,1
2023-04-02,2022-2023,fortuna sittard,fc groningen,3,1
2023-04-02,2022-2023,sparta rotterdam,feyenoord rotterdam,1,3
2023-04-02,2022-2023,go ahead eagles,afc ajax,0,0
2023-04-02,2022-2023,fc utrecht,fc volendam,0,0
2023-04-07,2022-2023,fc groningen,fc utrecht,1,2
2023-04-08,2022-2023,sbv vitesse,go ahead eagles,2,0
2023-04-08,2022-2023,psv eindhoven,sbv excelsior,4,0
2023-04-08,2022-2023,alkmaar zaanstreek,sparta rotterdam,0,1
2023-04-08,2022-2023,sc heerenveen,fc volendam,2,1
2023-04-09,2022-2023,fc twente,sc cambuur leeuwarden,4,0
2023-04-09,2022-2023,fc emmen,nijmegen eendracht combinatie,0,0
2023-04-09,2022-2023,afc ajax,fortuna sittard,4,0
2023-04-09,2022-2023,feyenoord rotterdam,rkc waalwijk,5,1
2023-04-14,2022-2023,sbv excelsior,go ahead eagles,2,1
2023-04-15,2022-2023,rkc waalwijk,fc groningen,2,1
2023-04-15,2022-2023,sparta rotterdam,sc heerenveen,4,0
2023-04-16,2022-2023,nijmegen eendracht combinatie,sbv vitesse,1,4
2023-04-16,2022-2023,fc utrecht,fc twente,1,0
2023-04-16,2022-2023,fc volendam,psv eindhoven,2,3
2023-04-16,2022-2023,sc cambuur leeuwarden,feyenoord rotterdam,0,3
2023-04-16,2022-2023,afc ajax,fc emmen,3,1
2023-04-16,2022-2023,fortuna sittard,alkmaar zaanstreek,0,3
2023-04-19,2022-2023,go ahead eagles,rkc waalwijk,3,2
2023-04-21,2022-2023,fc volendam,sc cambuur leeuwarden,2,0
2023-04-22,2022-2023,sbv vitesse,sbv excelsior,0,0
2023-04-22,2022-2023,sc heerenveen,fc emmen,2,3
2023-04-23,2022-2023,feyenoord rotterdam,fc utrecht,3,1
2023-04-23,2022-2023,go ahead eagles,fortuna sittard,2,0
2023-04-23,2022-2023,alkmaar zaanstreek,rkc waalwijk,3,0
2023-04-23,2022-2023,fc twente,sparta rotterdam,3,3
2023-04-23,2022-2023,psv eindhoven,afc ajax,3,0
2023-04-25,2022-2023,fc groningen,nijmegen eendracht combinatie,0,1
2023-05-05,2022-2023,rkc waalwijk,fc volendam,4,1
2023-05-06,2022-2023,sparta rotterdam,psv eindhoven,0,1
2023-05-06,2022-2023,nijmegen eendracht combinatie,sc heerenveen,2,3
2023-05-06,2022-2023,sc cambuur leeuwarden,fc utrecht,0,3
2023-05-06,2022-2023,afc ajax,alkmaar zaanstreek,0,0
2023-05-07,2022-2023,sbv excelsior,feyenoord rotterdam,0,2
2023-05-07,2022-2023,fc emmen,fc twente,0,3
2023-05-07,2022-2023,fortuna sittard,sbv vitesse,2,0
2023-05-07,2022-2023,go ahead eagles,fc groningen,1,1
2023-05-12,2022-2023,fc twente,nijmegen eendracht combinatie,4,0
2023-05-13,2022-2023,fc utrecht,rkc waalwijk,2,0
2023-05-13,2022-2023,fc volendam,sparta rotterdam,2,1
2023-05-13,2022-2023,sc heerenveen,sbv excelsior,0,0
2023-05-14,2022-2023,alkmaar zaanstreek,fc emmen,5,1
2023-05-14,2022-2023,psv eindhoven,fortuna sittard,2,1
2023-05-14,2022-2023,sbv vitesse,sc cambuur leeuwarden,2,0
2023-05-14,2022-2023,feyenoord rotterdam,go ahead eagles,3,0
2023-05-16,2022-2023,fc groningen,afc ajax,2,3
2023-05-21,2022-2023,sbv excelsior,fortuna sittard,3,0
2023-05-21,2022-2023,sbv vitesse,fc groningen,6,0
2023-05-21,2022-2023,afc ajax,fc utrecht,3,1
2023-05-21,2022-2023,psv eindhoven,sc heerenveen,3,3
2023-05-21,2022-2023,go ahead eagles,fc volendam,3,0
2023-05-21,2022-2023,rkc waalwijk,fc twente,0,5
2023-05-21,2022-2023,sparta rotterdam,sc cambuur leeuwarden,4,1
2023-05-21,2022-2023,fc emmen,feyenoord rotterdam,1,3
2023-05-21,2022-2023,nijmegen eendracht combinatie,alkmaar zaanstreek,0,3
2023-05-28,2022-2023,feyenoord rotterdam,sbv vitesse,0,1
2023-05-28,2022-2023,fc twente,afc ajax,3,1
2023-05-28,2022-2023,sc heerenveen,go ahead eagles,2,0
2023-05-28,2022-2023,fc utrecht,fc emmen,3,2
2023-05-28,2022-2023,fc volendam,sbv excelsior,3,2
2023-05-28,2022-2023,fc groningen,sparta rotterdam,0,5
2023-05-28,2022-2023,alkmaar zaanstreek,psv eindhoven,1,2
2023-05-28,2022-2023,fortuna sittard,nijmegen eendracht combinatie,1,1
2023-05-28,2022-2023,sc cambuur leeuwarden,rkc waalwijk,4,0
2023-06-01,2022-2023,fc utrecht,sparta rotterdam,1,2
2023-06-01,2022-2023,sc heerenveen,fc twente,1,2
2023-06-04,2022-2023,sparta rotterdam,fc utrecht,0,1
2023-06-04,2022-2023,fc twente,sc heerenveen,4,0
2023-06-08,2022-2023,sparta rotterdam,fc twente,1,1
2023-06-11,2022-2023,fc twente,sparta rotterdam,1,0
2023-08-11,2023-2024,fc volendam,sbv vitesse,1,2
2023-08-12,2023-2024,psv eindhoven,fc utrecht,2,0
2023-08-12,2023-2024,sc heerenveen,rkc waalwijk,3,1
2023-08-12,2023-2024,afc ajax,heracles almelo,4,1
2023-08-12,2023-2024,pec zwolle,sparta rotterdam,1,2
2023-08-13,2023-2024,alkmaar zaanstreek,go ahead eagles,5,1
2023-08-13,2023-2024,nijmegen eendracht combinatie,sbv excelsior,3,4
2023-08-13,2023-2024,feyenoord rotterdam,fortuna sittard,0,0
2023-08-13,2023-2024,almere city fc,fc twente,1,4
2023-08-18,2023-2024,heracles almelo,nijmegen eendracht combinatie,2,1
2023-08-19,2023-2024,sbv excelsior,afc ajax,2,2
2023-08-19,2023-2024,sbv vitesse,psv eindhoven,1,3
2023-08-19,2023-2024,fortuna sittard,almere city fc,2,1
2023-08-19,2023-2024,go ahead eagles,fc volendam,4,1
2023-08-20,2023-2024,fc twente,pec zwolle,3,1
2023-08-20,2023-2024,sparta rotterdam,feyenoord rotterdam,2,2
2023-08-20,2023-2024,fc utrecht,sc heerenveen,0,2
2023-08-20,2023-2024,rkc waalwijk,alkmaar zaanstreek,1,3
2023-08-26,2023-2024,sbv excelsior,fortuna sittard,2,2
2023-08-26,2023-2024,nijmegen eendracht combinatie,rkc waalwijk,3,0
2023-08-27,2023-2024,pec zwolle,fc utrecht,1,0
2023-08-27,2023-2024,feyenoord rotterdam,almere city fc,6,1
2023-08-27,2023-2024,sc heerenveen,sparta rotterdam,1,3
2023-09-01,2023-2024,sparta rotterdam,nijmegen eendracht combinatie,1,1
2023-09-02,2023-2024,heracles almelo,sbv excelsior,3,1
2023-09-02,2023-2024,rkc waalwijk,psv eindhoven,0,4
2023-09-02,2023-2024,go ahead eagles,sc heerenveen,3,2
2023-09-02,2023-2024,almere city fc,pec zwolle,1,2
2023-09-03,2023-2024,fc volendam,fc twente,0,2
2023-09-03,2023-2024,sbv vitesse,alkmaar zaanstreek,0,2
2023-09-03,2023-2024,fc utrecht,feyenoord rotterdam,1,5
2023-09-03,2023-2024,fortuna sittard,afc ajax,0,0
2023-09-16,2023-2024,heracles almelo,fc utrecht,1,3
2023-09-16,2023-2024,psv eindhoven,nijmegen eendracht combinatie,4,0
2023-09-16,2023-2024,fortuna sittard,fc volendam,3,1
2023-09-16,2023-2024,sbv vitesse,rkc waalwijk,0,2
2023-09-16,2023-2024,feyenoord rotterdam,sc heerenveen,6,1
2023-09-17,2023-2024,pec zwolle,go ahead eagles,1,1
2023-09-17,2023-2024,fc twente,afc ajax,3,1
2023-09-17,2023-2024,sbv excelsior,almere city fc,0,0
2023-09-17,2023-2024,alkmaar zaanstreek,sparta rotterdam,2,0
2023-09-22,2023-2024,go ahead eagles,fortuna sittard,3,0
2023-09-23,2023-2024,almere city fc,psv eindhoven,0,4
2023-09-23,2023-2024,fc volendam,heracles almelo,2,2
2023-09-23,2023-2024,sc heerenveen,sbv excelsior,0,3
2023-09-23,2023-2024,nijmegen eendracht combinatie,fc utrecht,3,0
2023-09-24,2023-2024,sparta rotterdam,sbv vitesse,1,0
2023-09-24,2023-2024,pec zwolle,alkmaar zaanstreek,0,3
2023-09-24,2023-2024,rkc waalwijk,fc twente,1,0
2023-09-27,2023-2024,afc ajax,feyenoord rotterdam,0,4
2023-09-27,2023-2024,psv eindhoven,go ahead eagles,3,0
2023-09-27,2023-2024,fc twente,sbv vitesse,1,0
2023-09-28,2023-2024,alkmaar zaanstreek,heracles almelo,1,1
2023-09-30,2023-2024,psv eindhoven,fc volendam,3,1
2023-09-30,2023-2024,feyenoord rotterdam,go ahead eagles,3,1
2023-09-30,2023-2024,fc utrecht,almere city fc,0,2
2023-09-30,2023-2024,fc twente,sc heerenveen,1,0
2023-10-01,2023-2024,nijmegen eendracht combinatie,sbv vitesse,1,3
2023-10-01,2023-2024,heracles almelo,pec zwolle,2,1
2023-10-01,2023-2024,sbv excelsior,sparta rotterdam,2,1
2023-10-01,2023-2024,alkmaar zaanstreek,fortuna sittard,4,0
2023-10-06,2023-2024,fc volendam,fc utrecht,1,0
2023-10-07,2023-2024,sc heerenveen,nijmegen eendracht combinatie,1,1
2023-10-07,2023-2024,almere city fc,rkc waalwijk,1,0
2023-10-07,2023-2024,go ahead eagles,heracles almelo,4,0
2023-10-07,2023-2024,sbv vitesse,sbv excelsior,0,0
2023-10-08,2023-2024,sparta rotterdam,psv eindhoven,0,4
2023-10-08,2023-2024,fortuna sittard,fc twente,0,3
2023-10-08,2023-2024,pec zwolle,feyenoord rotterdam,0,2
2023-10-08,2023-2024,afc ajax,alkmaar zaanstreek,1,2
2023-10-21,2023-2024,alkmaar zaanstreek,sc heerenveen,3,0
2023-10-21,2023-2024,nijmegen eendracht combinatie,almere city fc,1,1
2023-10-21,2023-2024,feyenoord rotterdam,sbv vitesse,4,0
2023-10-21,2023-2024,psv eindhoven,fortuna sittard,3,1
2023-10-21,2023-2024,rkc waalwijk,fc volendam,2,1
2023-10-22,2023-2024,go ahead eagles,sparta rotterdam,0,0
2023-10-22,2023-2024,heracles almelo,fc twente,2,2
2023-10-22,2023-2024,fc utrecht,afc ajax,4,3
2023-10-22,2023-2024,sbv excelsior,pec zwolle,2,4
2023-10-27,2023-2024,sbv vitesse,pec zwolle,1,1
2023-10-28,2023-2024,fortuna sittard,fc utrecht,0,0
2023-10-28,2023-2024,sc heerenveen,heracles almelo,3,0
2023-10-28,2023-2024,almere city fc,go ahead eagles,0,0
2023-10-28,2023-2024,sparta rotterdam,rkc waalwijk,2,0
2023-10-29,2023-2024,fc volendam,sbv excelsior,3,1
2023-10-29,2023-2024,fc twente,feyenoord rotterdam,2,1
2023-10-29,2023-2024,psv eindhoven,afc ajax,5,2
2023-11-02,2023-2024,afc ajax,fc volendam,2,0
2023-11-04,2023-2024,go ahead eagles,sbv vitesse,5,1
2023-11-04,2023-2024,heracles almelo,psv eindhoven,0,6
2023-11-04,2023-2024,rkc waalwijk,feyenoord rotterdam,1,2
2023-11-04,2023-2024,sbv excelsior,alkmaar zaanstreek,1,1
2023-11-05,2023-2024,pec zwolle,fortuna sittard,2,0
2023-11-05,2023-2024,fc utrecht,fc twente,1,1
2023-11-05,2023-2024,nijmegen eendracht combinatie,fc volendam,3,3
2023-11-05,2023-2024,afc ajax,sc heerenveen,4,1
2023-11-05,2023-2024,sparta rotterdam,almere city fc,1,2
2023-11-10,2023-2024,fortuna sittard,heracles almelo,4,1
2023-11-11,2023-2024,rkc waalwijk,go ahead eagles,0,1
2023-11-11,2023-2024,fc twente,nijmegen eendracht combinatie,3,3
2023-11-11,2023-2024,sbv vitesse,sc heerenveen,1,3
2023-11-12,2023-2024,psv eindhoven,pec zwolle,4,0
2023-11-12,2023-2024,almere city fc,afc ajax,2,2
2023-11-12,2023-2024,fc volendam,sparta rotterdam,1,4
2023-11-12,2023-2024,feyenoord rotterdam,alkmaar zaanstreek,1,0
2023-11-12,2023-2024,fc utrecht,sbv excelsior,2,2
2023-11-25,2023-2024,sbv excelsior,feyenoord rotterdam,2,4
2023-11-25,2023-2024,sc heerenveen,fortuna sittard,3,0
2023-11-25,2023-2024,fc twente,psv eindhoven,0,3
2023-11-25,2023-2024,pec zwolle,rkc waalwijk,1,2
2023-11-25,2023-2024,afc ajax,sbv vitesse,5,0
2023-11-26,2023-2024,sparta rotterdam,fc utrecht,1,2
2023-11-26,2023-2024,alkmaar zaanstreek,fc volendam,3,0
2023-11-26,2023-2024,almere city fc,heracles almelo,0,5
2023-11-26,2023-2024,nijmegen eendracht combinatie,go ahead eagles,1,1
2023-12-01,2023-2024,sc heerenveen,almere city fc,3,0
2023-12-02,2023-2024,fc volendam,pec zwolle,0,5
2023-12-02,2023-2024,rkc waalwijk,sbv excelsior,2,2
2023-12-02,2023-2024,heracles almelo,sparta rotterdam,0,1
2023-12-02,2023-2024,fortuna sittard,sbv vitesse,3,1
2023-12-03,2023-2024,fc utrecht,alkmaar zaanstreek,1,1
2023-12-03,2023-2024,nijmegen eendracht combinatie,afc ajax,1,2
2023-12-03,2023-2024,go ahead eagles,fc twente,1,3
2023-12-03,2023-2024,feyenoord rotterdam,psv eindhoven,1,2
2023-12-06,2023-2024,alkmaar zaanstreek,nijmegen eendracht combinatie,1,2
2023-12-06,2023-2024,rkc waalwijk,afc ajax,2,3
2023-12-07,2023-2024,psv eindhoven,sc heerenveen,2,0
2023-12-07,2023-2024,feyenoord rotterdam,fc volendam,3,1
2023-12-08,2023-2024,fc twente,sbv excelsior,4,2
2023-12-09,2023-2024,pec zwolle,nijmegen eendracht combinatie,1,3
2023-12-09,2023-2024,alkmaar zaanstreek,almere city fc,4,1
2023-12-09,2023-2024,afc ajax,sparta rotterdam,2,1
2023-12-10,2023-2024,go ahead eagles,fc utrecht,0,2
2023-12-10,2023-2024,fortuna sittard,rkc waalwijk,1,0
2023-12-10,2023-2024,sbv vitesse,heracles almelo,2,0
2023-12-15,2023-2024,nijmegen eendracht combinatie,fortuna sittard,4,1
2023-12-16,2023-2024,fc utrecht,rkc waalwijk,1,1
2023-12-16,2023-2024,sbv excelsior,go ahead eagles,1,1
2023-12-16,2023-2024,sc heerenveen,fc volendam,1,2
2023-12-17,2023-2024,almere city fc,sbv vitesse,5,0
2023-12-17,2023-2024,afc ajax,pec zwolle,2,2
2023-12-17,2023-2024,sparta rotterdam,fc twente,2,2
2023-12-17,2023-2024,alkmaar zaanstreek,psv eindhoven,0,4
2023-12-17,2023-2024,heracles almelo,feyenoord rotterdam,0,4
2024-01-12,2023-2024,rkc waalwijk,heracles almelo,1,2
2024-01-13,2023-2024,fortuna sittard,sparta rotterdam,0,2
2024-01-13,2023-2024,fc twente,alkmaar zaanstreek,2,1
2024-01-13,2023-2024,psv eindhoven,sbv excelsior,3,1
2024-01-13,2023-2024,pec zwolle,sc heerenveen,2,2
2024-01-14,2023-2024,feyenoord rotterdam,nijmegen eendracht combinatie,2,2
2024-01-14,2023-2024,go ahead eagles,afc ajax,2,3
2024-01-14,2023-2024,sbv vitesse,fc utrecht,0,0
2024-01-14,2023-2024,fc volendam,almere city fc,0,1
2024-01-19,2023-2024,sbv excelsior,sc heerenveen,3,0
2024-01-20,2023-2024,nijmegen eendracht combinatie,fc twente,1,0
2024-01-20,2023-2024,heracles almelo,fc volendam,1,1
2024-01-20,2023-2024,alkmaar zaanstreek,pec zwolle,2,2
2024-01-21,2023-2024,fc utrecht,psv eindhoven,1,1
2024-01-21,2023-2024,sbv vitesse,feyenoord rotterdam,1,2
2024-01-21,2023-2024,afc ajax,rkc waalwijk,4,1
2024-01-21,2023-2024,sparta rotterdam,go ahead eagles,0,2
2024-01-24,2023-2024,almere city fc,fortuna sittard,0,0
2024-01-26,2023-2024,pec zwolle,sbv vitesse,1,0
2024-01-27,2023-2024,psv eindhoven,almere city fc,2,0
2024-01-27,2023-2024,rkc waalwijk,sparta rotterdam,1,1
2024-01-27,2023-2024,heracles almelo,afc ajax,2,4
2024-01-27,2023-2024,sbv excelsior,fc utrecht,1,1
2024-01-28,2023-2024,sc heerenveen,alkmaar zaanstreek,2,2
2024-01-28,2023-2024,go ahead eagles,nijmegen eendracht combinatie,2,2
2024-01-28,2023-2024,fc volendam,fortuna sittard,0,1
2024-01-28,2023-2024,feyenoord rotterdam,fc twente,0,0
2024-02-02,2023-2024,almere city fc,sbv excelsior,2,1
2024-02-03,2023-2024,fc twente,rkc waalwijk,3,0
2024-02-03,2023-2024,fortuna sittard,sc heerenveen,3,3
2024-02-03,2023-2024,afc ajax,psv eindhoven,1,1
2024-02-03,2023-2024,nijmegen eendracht combinatie,heracles almelo,3,1
2024-02-04,2023-2024,fc utrecht,fc volendam,4,2
2024-02-04,2023-2024,sparta rotterdam,pec zwolle,0,2
2024-02-04,2023-2024,sbv vitesse,go ahead eagles,0,2
2024-02-04,2023-2024,alkmaar zaanstreek,feyenoord rotterdam,0,1
2024-02-09,2023-2024,rkc waalwijk,nijmegen eendracht combinatie,2,0
2024-02-10,2023-2024,almere city fc,alkmaar zaanstreek,0,0
2024-02-10,2023-2024,sbv excelsior,fc twente,0,3
2024-02-10,2023-2024,heracles almelo,sbv vitesse,3,2
2024-02-11,2023-2024,feyenoord rotterdam,sparta rotterdam,2,0
2024-02-11,2023-2024,sc heerenveen,afc ajax,3,2
2024-02-11,2023-2024,fc utrecht,fortuna sittard,4,0
2024-02-11,2023-2024,go ahead eagles,pec zwolle,1,1
2024-02-11,2023-2024,fc volendam,psv eindhoven,1,5
2024-02-16,2023-2024,psv eindhoven,heracles almelo,2,0
2024-02-17,2023-2024,sc heerenveen,go ahead eagles,0,2
2024-02-17,2023-2024,pec zwolle,almere city fc,0,1
2024-02-17,2023-2024,sparta rotterdam,sbv excelsior,4,2
2024-02-17,2023-2024,fortuna sittard,alkmaar zaanstreek,1,2
2024-02-18,2023-2024,sbv vitesse,fc volendam,1,1
2024-02-18,2023-2024,fc twente,fc utrecht,0,1
2024-02-18,2023-2024,afc ajax,nijmegen eendracht combinatie,2,2
2024-02-18,2023-2024,feyenoord rotterdam,rkc waalwijk,1,0
2024-02-23,2023-2024,fc utrecht,heracles almelo,1,0
2024-02-24,2023-2024,rkc waalwijk,fortuna sittard,0,1
2024-02-24,2023-2024,pec zwolle,psv eindhoven,1,7
2024-02-24,2023-2024,nijmegen eendracht combinatie,sparta rotterdam,2,0
2024-02-25,2023-2024,fc volendam,sc heerenveen,0,4
2024-02-25,2023-2024,alkmaar zaanstreek,afc ajax,2,0
2024-02-25,2023-2024,almere city fc,feyenoord rotterdam,0,2
2024-02-25,2023-2024,sbv excelsior,sbv vitesse,1,2
2024-02-25,2023-2024,fc twente,go ahead eagles,3,0
2024-03-01,2023-2024,fc volendam,nijmegen eendracht combinatie,2,5
2024-03-02,2023-2024,sparta rotterdam,alkmaar zaanstreek,1,1
2024-03-02,2023-2024,go ahead eagles,rkc waalwijk,1,0
2024-03-02,2023-2024,sbv vitesse,fc twente,1,2
2024-03-03,2023-2024,afc ajax,fc utrecht,2,0
2024-03-03,2023-2024,psv eindhoven,feyenoord rotterdam,2,2
2024-03-03,2023-2024,sc heerenveen,pec zwolle,2,0
2024-03-03,2023-2024,fortuna sittard,sbv excelsior,5,2
2024-03-03,2023-2024,heracles almelo,almere city fc,2,2
2024-03-08,2023-2024,go ahead eagles,psv eindhoven,0,1
2024-03-09,2023-2024,rkc waalwijk,sbv vitesse,3,1
2024-03-09,2023-2024,fc twente,sparta rotterdam,2,1
2024-03-09,2023-2024,almere city fc,fc utrecht,1,1
2024-03-10,2023-2024,afc ajax,fortuna sittard,2,2
2024-03-10,2023-2024,alkmaar zaanstreek,sbv excelsior,4,0
2024-03-10,2023-2024,feyenoord rotterdam,heracles almelo,3,0
2024-03-10,2023-2024,nijmegen eendracht combinatie,sc heerenveen,2,0
2024-03-10,2023-2024,pec zwolle,fc volendam,1,1
2024-03-15,2023-2024,heracles almelo,go ahead eagles,2,0
2024-03-16,2023-2024,sbv excelsior,rkc waalwijk,1,1
2024-03-16,2023-2024,sbv vitesse,almere city fc,1,1
2024-03-16,2023-2024,fortuna sittard,pec zwolle,3,1
2024-03-17,2023-2024,psv eindhoven,fc twente,1,0
2024-03-17,2023-2024,fc volendam,alkmaar zaanstreek,0,4
2024-03-17,2023-2024,fc utrecht,nijmegen eendracht combinatie,1,0
2024-03-17,2023-2024,sc heerenveen,feyenoord rotterdam,2,3
2024-03-17,2023-2024,sparta rotterdam,afc ajax,2,2
2024-03-30,2023-2024,alkmaar zaanstreek,sbv vitesse,2,0
2024-03-30,2023-2024,go ahead eagles,sbv excelsior,3,0
2024-03-30,2023-2024,nijmegen eendracht combinatie,psv eindhoven,3,1
2024-03-30,2023-2024,sparta rotterdam,fortuna sittard,4,0
2024-03-30,2023-2024,rkc waalwijk,sc heerenveen,1,1
2024-03-31,2023-2024,almere city fc,fc volendam,1,1
2024-03-31,2023-2024,pec zwolle,afc ajax,1,3
2024-03-31,2023-2024,feyenoord rotterdam,fc utrecht,4,2
2024-03-31,2023-2024,fc twente,heracles almelo,1,0
2024-04-02,2023-2024,fortuna sittard,nijmegen eendracht combinatie,1,1
2024-04-02,2023-2024,sbv vitesse,sparta rotterdam,1,4
2024-04-02,2023-2024,sbv excelsior,psv eindhoven,0,2
2024-04-03,2023-2024,fc utrecht,pec zwolle,5,1
2024-04-03,2023-2024,sc heerenveen,fc twente,3,3
2024-04-03,2023-2024,heracles almelo,alkmaar zaanstreek,5,0
2024-04-04,2023-2024,fc volendam,feyenoord rotterdam,0,0
2024-04-04,2023-2024,rkc waalwijk,almere city fc,0,0
2024-04-04,2023-2024,afc ajax,go ahead eagles,1,1
2024-04-06,2023-2024,pec zwolle,sbv excelsior,2,1
2024-04-06,2023-2024,fc twente,fortuna sittard,2,0
2024-04-06,2023-2024,psv eindhoven,alkmaar zaanstreek,5,1
2024-04-06,2023-2024,sparta rotterdam,heracles almelo,1,2
2024-04-07,2023-2024,sc heerenveen,fc utrecht,2,3
2024-04-07,2023-2024,sbv vitesse,nijmegen eendracht combinatie,0,3
2024-04-07,2023-2024,feyenoord rotterdam,afc ajax,6,0
2024-04-07,2023-2024,go ahead eagles,almere city fc,1,1
2024-04-07,2023-2024,fc volendam,rkc waalwijk,3,2
2024-04-12,2023-2024,sbv excelsior,fc volendam,4,0
2024-04-13,2023-2024,almere city fc,sparta rotterdam,2,3
2024-04-13,2023-2024,alkmaar zaanstreek,rkc waalwijk,3,2
2024-04-13,2023-2024,psv eindhoven,sbv vitesse,6,0
2024-04-14,2023-2024,heracles almelo,sc heerenveen,0,2
2024-04-14,2023-2024,fc utrecht,go ahead eagles,2,1
2024-04-14,2023-2024,fortuna sittard,feyenoord rotterdam,0,1
2024-04-14,2023-2024,afc ajax,fc twente,2,1
2024-04-14,2023-2024,nijmegen eendracht combinatie,pec zwolle,2,2
2024-04-24,2023-2024,fc twente,almere city fc,3,1
2024-04-24,2023-2024,afc ajax,sbv excelsior,2,2
2024-04-25,2023-2024,go ahead eagles,feyenoord rotterdam,1,3
2024-04-25,2023-2024,sc heerenveen,psv eindhoven,0,8
2024-04-28,2023-2024,sbv vitesse,fortuna sittard,3,2
2024-04-28,2023-2024,rkc waalwijk,fc utrecht,2,2
2024-04-28,2023-2024,pec zwolle,heracles almelo,3,1
2024-04-28,2023-2024,nijmegen eendracht combinatie,alkmaar zaanstreek,0,3
2024-04-28,2023-2024,sparta rotterdam,fc volendam,1,0
2024-05-03,2023-2024,almere city fc,sc heerenveen,1,1
2024-05-03,2023-2024,fortuna sittard,go ahead eagles,0,0
2024-05-05,2023-2024,psv eindhoven,sparta rotterdam,4,2
2024-05-05,2023-2024,heracles almelo,rkc waalwijk,0,5
2024-05-05,2023-2024,fc volendam,afc ajax,1,4
2024-05-05,2023-2024,fc utrecht,sbv vitesse,1,0
2024-05-05,2023-2024,alkmaar zaanstreek,fc twente,2,1
2024-05-05,2023-2024,feyenoord rotterdam,pec zwolle,5,0
2024-05-06,2023-2024,sbv excelsior,nijmegen eendracht combinatie,0,3
2024-05-12,2023-2024,fc utrecht,sparta rotterdam,0,1
2024-05-12,2023-2024,sbv excelsior,heracles almelo,4,0
2024-05-12,2023-2024,fortuna sittard,psv eindhoven,1,1
2024-05-12,2023-2024,rkc waalwijk,pec zwolle,1,1
2024-05-12,2023-2024,sc heerenveen,sbv vitesse,1,3
2024-05-12,2023-2024,fc twente,fc volendam,7,2
2024-05-12,2023-2024,afc ajax,almere city fc,3,0
2024-05-12,2023-2024,nijmegen eendracht combinatie,feyenoord rotterdam,2,3
2024-05-12,2023-2024,go ahead eagles,alkmaar zaanstreek,0,3
2024-05-19,2023-2024,pec zwolle,fc twente,1,2
2024-05-19,2023-2024,feyenoord rotterdam,sbv excelsior,4,0
2024-05-19,2023-2024,psv eindhoven,rkc waalwijk,3,1
2024-05-19,2023-2024,almere city fc,nijmegen eendracht combinatie,1,4
2024-05-19,2023-2024,sbv vitesse,afc ajax,2,2
2024-05-19,2023-2024,alkmaar zaanstreek,fc utrecht,3,3
2024-05-19,2023-2024,sparta rotterdam,sc heerenveen,2,1
2024-05-19,2023-2024,fc volendam,go ahead eagles,1,2
2024-05-19,2023-2024,heracles almelo,fortuna sittard,0,0
2024-05-23,2023-2024,fc utrecht,sparta rotterdam,3,1
2024-05-23,2023-2024,nijmegen eendracht combinatie,go ahead eagles,1,2
2024-05-26,2023-2024,fc utrecht,go ahead eagles,1,2
2024-08-09,2024-2025,fc groningen,nac breda,4,1
2024-08-10,2024-2025,psv eindhoven,rkc waalwijk,5,1
2024-08-10,2024-2025,almere city fc,alkmaar zaanstreek,0,1
2024-08-10,2024-2025,feyenoord rotterdam,willem ii,1,1
2024-08-10,2024-2025,nijmegen eendracht combinatie,fc twente,1,2
2024-08-11,2024-2025,afc ajax,sc heerenveen,1,0
2024-08-11,2024-2025,fc utrecht,pec zwolle,1,0
2024-08-11,2024-2025,go ahead eagles,fortuna sittard,0,2
2024-08-11,2024-2025,sparta rotterdam,heracles almelo,0,0
2024-08-16,2024-2025,fortuna sittard,almere city fc,3,0
2024-08-17,2024-2025,rkc waalwijk,fc groningen,1,2
2024-08-17,2024-2025,sc heerenveen,fc utrecht,1,1
2024-08-17,2024-2025,fc twente,sparta rotterdam,1,1
2024-08-17,2024-2025,alkmaar zaanstreek,nijmegen eendracht combinatie,1,0
2024-08-18,2024-2025,willem ii,go ahead eagles,2,0
2024-08-18,2024-2025,heracles almelo,psv eindhoven,1,3
2024-08-18,2024-2025,pec zwolle,feyenoord rotterdam,1,5
2024-08-18,2024-2025,nac breda,afc ajax,2,1
2024-08-24,2024-2025,nijmegen eendracht combinatie,pec zwolle,1,0
2024-08-24,2024-2025,almere city fc,psv eindhoven,1,7
2024-08-24,2024-2025,nac breda,fc utrecht,1,2
2024-08-25,2024-2025,go ahead eagles,rkc waalwijk,2,0
2024-08-25,2024-2025,fc groningen,alkmaar zaanstreek,0,0
2024-08-25,2024-2025,heracles almelo,willem ii,1,1
2024-08-25,2024-2025,sparta rotterdam,feyenoord rotterdam,1,1
2024-08-30,2024-2025,rkc waalwijk,alkmaar zaanstreek,0,3
2024-08-31,2024-2025,sc heerenveen,nac breda,4,0
2024-08-31,2024-2025,willem ii,sparta rotterdam,1,2
2024-08-31,2024-2025,almere city fc,fc groningen,1,1
2024-08-31,2024-2025,fortuna sittard,nijmegen eendracht combinatie,0,3
2024-09-01,2024-2025,fc utrecht,fc twente,2,1
2024-09-01,2024-2025,pec zwolle,heracles almelo,3,0
2024-09-01,2024-2025,psv eindhoven,go ahead eagles,3,0
2024-09-14,2024-2025,nac breda,fortuna sittard,1,0
2024-09-14,2024-2025,fc groningen,feyenoord rotterdam,2,2
2024-09-14,2024-2025,alkmaar zaanstreek,sc heerenveen,9,1
2024-09-14,2024-2025,psv eindhoven,nijmegen eendracht combinatie,2,0
2024-09-14,2024-2025,fc twente,pec zwolle,1,1
2024-09-15,2024-2025,sparta rotterdam,go ahead eagles,1,2
2024-09-15,2024-2025,willem ii,rkc waalwijk,3,0
2024-09-15,2024-2025,heracles almelo,almere city fc,0,0
2024-09-17,2024-2025,fc twente,sc heerenveen,2,0
2024-09-18,2024-2025,afc ajax,fortuna sittard,5,0
2024-09-20,2024-2025,pec zwolle,alkmaar zaanstreek,1,2
2024-09-21,2024-2025,nijmegen eendracht combinatie,heracles almelo,1,2
2024-09-21,2024-2025,go ahead eagles,afc ajax,1,1
2024-09-21,2024-2025,fc utrecht,willem ii,3,2
2024-09-21,2024-2025,rkc waalwijk,sparta rotterdam,1,2
2024-09-22,2024-2025,sc heerenveen,fc groningen,2,1
2024-09-22,2024-2025,almere city fc,fc twente,0,5
2024-09-22,2024-2025,feyenoord rotterdam,nac breda,2,0
2024-09-22,2024-2025,fortuna sittard,psv eindhoven,1,3
2024-09-27,2024-2025,heracles almelo,sc heerenveen,2,1
2024-09-28,2024-2025,nijmegen eendracht combinatie,feyenoord rotterdam,1,1
2024-09-28,2024-2025,sparta rotterdam,fortuna sittard,1,1
2024-09-28,2024-2025,willem ii,psv eindhoven,0,2
2024-09-29,2024-2025,alkmaar zaanstreek,fc utrecht,1,2
2024-09-29,2024-2025,rkc waalwijk,afc ajax,0,2
2024-09-29,2024-2025,pec zwolle,almere city fc,1,0
2024-09-29,2024-2025,fc twente,nac breda,1,0
2024-09-29,2024-2025,fc groningen,go ahead eagles,0,1
2024-10-04,2024-2025,almere city fc,willem ii,0,1
2024-10-05,2024-2025,nac breda,nijmegen eendracht combinatie,1,0
2024-10-05,2024-2025,psv eindhoven,sparta rotterdam,2,1
2024-10-05,2024-2025,fc utrecht,rkc waalwijk,3,2
2024-10-06,2024-2025,feyenoord rotterdam,fc twente,2,1
2024-10-06,2024-2025,go ahead eagles,heracles almelo,4,1
2024-10-06,2024-2025,fortuna sittard,alkmaar zaanstreek,1,0
2024-10-06,2024-2025,afc ajax,fc groningen,3,1
2024-10-06,2024-2025,sc heerenveen,pec zwolle,1,1
2024-10-19,2024-2025,sparta rotterdam,almere city fc,2,2
2024-10-19,2024-2025,alkmaar zaanstreek,psv eindhoven,1,2
2024-10-19,2024-2025,nijmegen eendracht combinatie,sc heerenveen,3,0
2024-10-19,2024-2025,go ahead eagles,feyenoord rotterdam,1,5
2024-10-19,2024-2025,rkc waalwijk,fc twente,2,2
2024-10-20,2024-2025,heracles almelo,afc ajax,3,4
2024-10-20,2024-2025,pec zwolle,nac breda,1,2
2024-10-20,2024-2025,fc groningen,fc utrecht,0,1
2024-10-20,2024-2025,willem ii,fortuna sittard,0,0
2024-10-25,2024-2025,almere city fc,nijmegen eendracht combinatie,1,0
2024-10-26,2024-2025,sc heerenveen,sparta rotterdam,2,0
2024-10-26,2024-2025,nac breda,rkc waalwijk,4,1
2024-10-26,2024-2025,psv eindhoven,pec zwolle,6,0
2024-10-26,2024-2025,fortuna sittard,fc groningen,1,0
2024-10-27,2024-2025,alkmaar zaanstreek,go ahead eagles,2,2
2024-10-27,2024-2025,afc ajax,willem ii,1,0
2024-10-27,2024-2025,fc utrecht,feyenoord rotterdam,0,2
2024-10-27,2024-2025,fc twente,heracles almelo,5,0
2024-10-30,2024-2025,feyenoord rotterdam,afc ajax,0,2
2024-11-02,2024-2025,fortuna sittard,sc heerenveen,3,0
2024-11-02,2024-2025,willem ii,fc twente,0,1
2024-11-02,2024-2025,afc ajax,psv eindhoven,3,2
2024-11-02,2024-2025,heracles almelo,nac breda,2,0
2024-11-02,2024-2025,feyenoord rotterdam,alkmaar zaanstreek,3,2
2024-11-03,2024-2025,nijmegen eendracht combinatie,fc groningen,6,0
2024-11-03,2024-2025,go ahead eagles,pec zwolle,2,2
2024-11-03,2024-2025,rkc waalwijk,almere city fc,2,0
2024-11-03,2024-2025,sparta rotterdam,fc utrecht,1,4
2024-11-08,2024-2025,fc utrecht,heracles almelo,1,0
2024-11-09,2024-2025,fc groningen,sparta rotterdam,1,0
2024-11-09,2024-2025,pec zwolle,fortuna sittard,3,1
2024-11-09,2024-2025,nac breda,psv eindhoven,0,3
2024-11-09,2024-2025,rkc waalwijk,nijmegen eendracht combinatie,0,3
2024-11-10,2024-2025,sc heerenveen,go ahead eagles,1,0
2024-11-10,2024-2025,almere city fc,feyenoord rotterdam,1,4
2024-11-10,2024-2025,fc twente,afc ajax,2,2
2024-11-10,2024-2025,alkmaar zaanstreek,willem ii,1,2
2024-11-23,2024-2025,go ahead eagles,almere city fc,3,0
2024-11-23,2024-2025,heracles almelo,rkc waalwijk,2,2
2024-11-23,2024-2025,feyenoord rotterdam,sc heerenveen,3,0
2024-11-23,2024-2025,psv eindhoven,fc groningen,5,0
2024-11-23,2024-2025,fortuna sittard,fc twente,1,2
2024-11-24,2024-2025,willem ii,nac breda,2,2
2024-11-24,2024-2025,afc ajax,pec zwolle,2,0
2024-11-24,2024-2025,sparta rotterdam,alkmaar zaanstreek,1,2
2024-11-24,2024-2025,nijmegen eendracht combinatie,fc utrecht,1,2
2024-11-29,2024-2025,sc heerenveen,rkc waalwijk,1,1
2024-11-30,2024-2025,feyenoord rotterdam,fortuna sittard,1,1
2024-11-30,2024-2025,pec zwolle,sparta rotterdam,1,0
2024-11-30,2024-2025,nac breda,almere city fc,1,0
2024-11-30,2024-2025,fc groningen,willem ii,2,0
2024-12-01,2024-2025,fc utrecht,psv eindhoven,2,5
2024-12-01,2024-2025,alkmaar zaanstreek,heracles almelo,1,0
2024-12-01,2024-2025,fc twente,go ahead eagles,3,2
2024-12-01,2024-2025,nijmegen eendracht combinatie,afc ajax,1,2
2024-12-04,2024-2025,afc ajax,fc utrecht,2,2
2024-12-06,2024-2025,psv eindhoven,fc twente,6,1
2024-12-07,2024-2025,heracles almelo,fortuna sittard,2,2
2024-12-07,2024-2025,rkc waalwijk,feyenoord rotterdam,2,3
2024-12-07,2024-2025,go ahead eagles,nijmegen eendracht combinatie,5,0
2024-12-07,2024-2025,sparta rotterdam,nac breda,0,2
2024-12-08,2024-2025,almere city fc,fc utrecht,1,3
2024-12-08,2024-2025,alkmaar zaanstreek,afc ajax,2,1
2024-12-08,2024-2025,willem ii,sc heerenveen,1,2
2024-12-08,2024-2025,fc groningen,pec zwolle,0,0
2024-12-13,2024-2025,pec zwolle,willem ii,0,1
2024-12-14,2024-2025,sc heerenveen,psv eindhoven,1,0
2024-12-14,2024-2025,fortuna sittard,rkc waalwijk,3,2
2024-12-14,2024-2025,feyenoord rotterdam,heracles almelo,5,2
2024-12-15,2024-2025,afc ajax,almere city fc,3,0
2024-12-15,2024-2025,fc utrecht,go ahead eagles,3,3
2024-12-15,2024-2025,nijmegen eendracht combinatie,sparta rotterdam,1,1
2024-12-15,2024-2025,fc twente,fc groningen,2,0
2024-12-15,2024-2025,nac breda,alkmaar zaanstreek,1,2
2024-12-20,2024-2025,rkc waalwijk,pec zwolle,1,1
2024-12-21,2024-2025,alkmaar zaanstreek,fc twente,1,0
2024-12-21,2024-2025,go ahead eagles,nac breda,2,1
2024-12-21,2024-2025,almere city fc,sc heerenveen,3,0
2024-12-22,2024-2025,fc utrecht,fortuna sittard,2,5
2024-12-22,2024-2025,willem ii,nijmegen eendracht combinatie,4,1
2024-12-22,2024-2025,sparta rotterdam,afc ajax,0,2
2024-12-22,2024-2025,psv eindhoven,feyenoord rotterdam,3,0
2025-01-10,2024-2025,fortuna sittard,go ahead eagles,0,3
2025-01-11,2024-2025,psv eindhoven,alkmaar zaanstreek,2,2
2025-01-11,2024-2025,pec zwolle,nijmegen eendracht combinatie,0,1
2025-01-11,2024-2025,heracles almelo,sparta rotterdam,1,1
2025-01-11,2024-2025,afc ajax,rkc waalwijk,2,1
2025-01-12,2024-2025,feyenoord rotterdam,fc utrecht,1,2
2025-01-12,2024-2025,nac breda,sc heerenveen,2,4
2025-01-12,2024-2025,fc twente,willem ii,6,2
2025-01-12,2024-2025,fc groningen,almere city fc,0,0
2025-01-18,2024-2025,willem ii,feyenoord rotterdam,1,1
2025-01-18,2024-2025,go ahead eagles,fc groningen,2,1
2025-01-18,2024-2025,pec zwolle,psv eindhoven,3,1
2025-01-18,2024-2025,fc utrecht,alkmaar zaanstreek,0,0
2025-01-19,2024-2025,nac breda,fc twente,2,1
2025-01-19,2024-2025,almere city fc,heracles almelo,0,2
2025-01-19,2024-2025,sc heerenveen,afc ajax,0,2
2025-01-19,2024-2025,nijmegen eendracht combinatie,fortuna sittard,4,1
2025-01-19,2024-2025,sparta rotterdam,rkc waalwijk,1,1
2025-01-24,2024-2025,heracles almelo,fc utrecht,1,1
2025-01-25,2024-2025,psv eindhoven,nac breda,3,2
2025-01-25,2024-2025,fc groningen,sc heerenveen,1,0
2025-01-26,2024-2025,rkc waalwijk,willem ii,2,0
2025-01-26,2024-2025,alkmaar zaanstreek,sparta rotterdam,1,2
2025-01-26,2024-2025,fortuna sittard,pec zwolle,1,4
2025-01-28,2024-2025,heracles almelo,fc groningen,1,1
2025-01-31,2024-2025,nac breda,heracles almelo,1,1
2025-02-01,2024-2025,pec zwolle,fc utrecht,3,3
2025-02-01,2024-2025,sc heerenveen,fortuna sittard,2,2
2025-02-01,2024-2025,nijmegen eendracht combinatie,psv eindhoven,3,3
2025-02-02,2024-2025,sparta rotterdam,fc groningen,1,0
2025-02-02,2024-2025,willem ii,alkmaar zaanstreek,0,2
2025-02-02,2024-2025,go ahead eagles,fc twente,2,2
2025-02-02,2024-2025,almere city fc,rkc waalwijk,1,4
2025-02-02,2024-2025,afc ajax,feyenoord rotterdam,2,1
2025-02-08,2024-2025,heracles almelo,go ahead eagles,4,2
2025-02-08,2024-2025,psv eindhoven,willem ii,1,1
2025-02-08,2024-2025,fc groningen,nijmegen eendracht combinatie,2,1
2025-02-08,2024-2025,feyenoord rotterdam,sparta rotterdam,3,0
2025-02-09,2024-2025,sc heerenveen,fc twente,3,3
2025-02-09,2024-2025,fortuna sittard,afc ajax,0,2
2025-02-09,2024-2025,rkc waalwijk,nac breda,5,0
2025-02-09,2024-2025,fc utrecht,almere city fc,0,1
2025-02-09,2024-2025,alkmaar zaanstreek,pec zwolle,2,0
2025-02-14,2024-2025,go ahead eagles,sparta rotterdam,1,0
2025-02-15,2024-2025,nac breda,feyenoord rotterdam,0,0
2025-02-15,2024-2025,willem ii,fc groningen,1,3
2025-02-15,2024-2025,psv eindhoven,fc utrecht,2,2
2025-02-16,2024-2025,pec zwolle,sc heerenveen,1,1
2025-02-16,2024-2025,afc ajax,heracles almelo,4,0
2025-02-16,2024-2025,nijmegen eendracht combinatie,almere city fc,2,2
2025-02-16,2024-2025,fc twente,rkc waalwijk,2,0
2025-02-22,2024-2025,feyenoord rotterdam,almere city fc,2,1
2025-02-23,2024-2025,fc twente,nijmegen eendracht combinatie,2,0
2025-02-23,2024-2025,afc ajax,go ahead eagles,2,0
2025-02-23,2024-2025,alkmaar zaanstreek,fortuna sittard,1,0
2025-02-28,2024-2025,rkc waalwijk,fortuna sittard,1,2
2025-03-01,2024-2025,feyenoord rotterdam,nijmegen eendracht combinatie,0,0
2025-03-01,2024-2025,fc groningen,fc twente,1,1
2025-03-01,2024-2025,fc utrecht,nac breda,1,0
2025-03-01,2024-2025,go ahead eagles,psv eindhoven,3,2
2025-03-02,2024-2025,sparta rotterdam,willem ii,4,0
2025-03-02,2024-2025,heracles almelo,pec zwolle,4,2
2025-03-02,2024-2025,almere city fc,afc ajax,0,1
2025-03-02,2024-2025,sc heerenveen,alkmaar zaanstreek,3,1
2025-03-07,2024-2025,nac breda,sparta rotterdam,1,1
2025-03-08,2024-2025,fortuna sittard,heracles almelo,1,0
2025-03-08,2024-2025,psv eindhoven,sc heerenveen,2,1
2025-03-09,2024-2025,willem ii,fc utrecht,2,3
2025-03-09,2024-2025,nijmegen eendracht combinatie,go ahead eagles,2,3
2025-03-09,2024-2025,pec zwolle,afc ajax,0,1
2025-03-09,2024-2025,fc twente,almere city fc,1,0
2025-03-14,2024-2025,almere city fc,nac breda,1,1
2025-03-15,2024-2025,fc utrecht,nijmegen eendracht combinatie,0,1
2025-03-15,2024-2025,sparta rotterdam,pec zwolle,1,1
2025-03-15,2024-2025,rkc waalwijk,psv eindhoven,0,3
2025-03-15,2024-2025,sc heerenveen,heracles almelo,1,1
2025-03-16,2024-2025,fc twente,feyenoord rotterdam,2,6
2025-03-16,2024-2025,go ahead eagles,willem ii,1,0
2025-03-16,2024-2025,afc ajax,alkmaar zaanstreek,2,2
2025-03-16,2024-2025,fc groningen,fortuna sittard,1,0
2025-03-29,2024-2025,nac breda,fc groningen,1,1
2025-03-29,2024-2025,willem ii,almere city fc,0,2
2025-03-29,2024-2025,fortuna sittard,sparta rotterdam,0,3
2025-03-29,2024-2025,pec zwolle,rkc waalwijk,2,0
2025-03-29,2024-2025,nijmegen eendracht combinatie,alkmaar zaanstreek,3,3
2025-03-30,2024-2025,feyenoord rotterdam,go ahead eagles,3,2
2025-03-30,2024-2025,fc utrecht,sc heerenveen,2,0
2025-03-30,2024-2025,psv eindhoven,afc ajax,0,2
2025-03-30,2024-2025,heracles almelo,fc twente,2,1
2025-04-01,2024-2025,alkmaar zaanstreek,rkc waalwijk,2,2
2025-04-02,2024-2025,feyenoord rotterdam,fc groningen,4,1
2025-04-04,2024-2025,sc heerenveen,willem ii,3,1
2025-04-05,2024-2025,fc groningen,psv eindhoven,1,3
2025-04-05,2024-2025,almere city fc,pec zwolle,2,2
2025-04-05,2024-2025,alkmaar zaanstreek,feyenoord rotterdam,0,1
2025-04-05,2024-2025,fc twente,fortuna sittard,1,1
2025-04-06,2024-2025,afc ajax,nac breda,3,1
2025-04-06,2024-2025,sparta rotterdam,nijmegen eendracht combinatie,2,0
2025-04-06,2024-2025,rkc waalwijk,heracles almelo,0,0
2025-04-06,2024-2025,go ahead eagles,fc utrecht,2,2
2025-04-11,2024-2025,nijmegen eendracht combinatie,rkc waalwijk,2,1
2025-04-12,2024-2025,psv eindhoven,almere city fc,5,0
2025-04-12,2024-2025,nac breda,go ahead eagles,1,1
2025-04-12,2024-2025,fortuna sittard,feyenoord rotterdam,0,2
2025-04-12,2024-2025,sparta rotterdam,sc heerenveen,3,1
2025-04-13,2024-2025,fc utrecht,fc groningen,3,1
2025-04-13,2024-2025,pec zwolle,fc twente,1,1
2025-04-13,2024-2025,heracles almelo,alkmaar zaanstreek,1,0
2025-04-13,2024-2025,willem ii,afc ajax,1,2
2025-04-19,2024-2025,sc heerenveen,almere city fc,2,1
2025-04-20,2024-2025,fc utrecht,afc ajax,4,0
2025-04-23,2024-2025,fc groningen,heracles almelo,4,1
2025-04-24,2024-2025,fc twente,psv eindhoven,1,3
2025-04-24,2024-2025,alkmaar zaanstreek,nac breda,1,1
2025-04-25,2024-2025,rkc waalwijk,fc utrecht,0,4
2025-04-25,2024-2025,feyenoord rotterdam,pec zwolle,4,0
2025-04-27,2024-2025,almere city fc,go ahead eagles,0,0
2025-04-27,2024-2025,afc ajax,sparta rotterdam,1,1
2025-04-27,2024-2025,fortuna sittard,willem ii,1,0
2025-04-27,2024-2025,sc heerenveen,nijmegen eendracht combinatie,1,0
2025-05-03,2024-2025,nijmegen eendracht combinatie,willem ii,1,1
2025-05-03,2024-2025,heracles almelo,feyenoord rotterdam,1,4
2025-05-03,2024-2025,fc groningen,rkc waalwijk,6,1
2025-05-03,2024-2025,psv eindhoven,fortuna sittard,4,1
2025-05-04,2024-2025,nac breda,pec zwolle,1,3
2025-05-04,2024-2025,go ahead eagles,alkmaar zaanstreek,0,3
2025-05-04,2024-2025,sparta rotterdam,fc twente,0,2
2025-05-09,2024-2025,willem ii,heracles almelo,1,2
2025-05-10,2024-2025,rkc waalwijk,sc heerenveen,3,1
2025-05-10,2024-2025,fortuna sittard,nac breda,1,0
2025-05-10,2024-2025,almere city fc,sparta rotterdam,0,3
2025-05-11,2024-2025,pec zwolle,go ahead eagles,1,1
2025-05-11,2024-2025,feyenoord rotterdam,psv eindhoven,2,3
2025-05-11,2024-2025,fc twente,fc utrecht,2,0
2025-05-11,2024-2025,afc ajax,nijmegen eendracht combinatie,0,3
2025-05-11,2024-2025,alkmaar zaanstreek,fc groningen,3,0
2025-05-14,2024-2025,fc twente,alkmaar zaanstreek,2,3
2025-05-14,2024-2025,willem ii,pec zwolle,1,2
2025-05-14,2024-2025,fc utrecht,sparta rotterdam,1,1
2025-05-14,2024-2025,almere city fc,fortuna sittard,1,1
2025-05-14,2024-2025,go ahead eagles,sc heerenveen,1,0
2025-05-14,2024-2025,fc groningen,afc ajax,2,2
2025-05-14,2024-2025,nijmegen eendracht combinatie,nac breda,3,0
2025-05-14,2024-2025,feyenoord rotterdam,rkc waalwijk,2,0
2025-05-14,2024-2025,psv eindhoven,heracles almelo,4,1
2025-05-18,2024-2025,nac breda,willem ii,1,1
2025-05-18,2024-2025,heracles almelo,nijmegen eendracht combinatie,1,2
2025-05-18,2024-2025,pec zwolle,fc groningen,2,0
2025-05-18,2024-2025,fortuna sittard,fc utrecht,0,0
2025-05-18,2024-2025,afc ajax,fc twente,2,0
2025-05-18,2024-2025,sparta rotterdam,psv eindhoven,1,3
2025-05-18,2024-2025,rkc waalwijk,go ahead eagles,5,3
2025-05-18,2024-2025,sc heerenveen,feyenoord rotterdam,2,0
2025-05-18,2024-2025,alkmaar zaanstreek,almere city fc,1,1
2025-05-22,2024-2025,alkmaar zaanstreek,sc heerenveen,4,1
2025-05-22,2024-2025,fc twente,nijmegen eendracht combinatie,3,2
2025-05-25,2024-2025,alkmaar zaanstreek,fc twente,3,2
